hair_length,work_experience,sens,hired
0.9447587848569051,1.77405552022719,0,-1
12.139828790698715,20.831207644252505,1,1
3.8388733690894,6.027128606385169,0,-1
8.511876902017798,11.821819052176,1,1
4.300428515216859,8.099970156712484,1,-1
2.05958679921413,-0.4297535957365639,0,-1
2.8617534484517617,6.869279106369337,0,-1
1.434053188247352,1.0503091161212623,0,-1
3.8101291205331855,8.830516701039432,0,-1
4.993547318642039,3.0616047341070214,0,-1
11.758396142326504,2.892935416831726,0,-1
4.501990673935739,7.886395760717832,0,-1
7.844185869498368,-3.4798698490703472,0,-1
17.66952170060697,13.025789678365577,0,1
28.340854130031953,7.079342130540127,1,-1
10.705316924154902,2.0894711460810456,0,-1
15.715353770573234,6.867319183632077,0,-1
13.407688382438973,5.611039076168733,1,-1
11.099527644789603,6.130776671866574,1,-1
24.5625693920189,0.2762295048617105,1,-1
29.243561557485453,10.090872439246542,1,1
12.099084291077835,7.983129136027419,0,-1
14.792484329951682,-1.0064891866468848,0,-1
11.339920614939778,13.84704403924988,0,1
5.155560467096139,11.376209723702292,0,1
15.91612393141478,-1.1055074468314672,0,-1
12.851474673960439,-1.0473590998683164,0,-1
7.532675880795405,0.8529386957208906,0,-1
29.157740854696154,7.484385194383009,1,-1
3.972899227528104,-2.214687824610877,0,-1
6.121236709369586,6.041532502458999,1,-1
7.192043698892633,3.192734950367342,0,-1
11.651019119879283,-4.506458569197616,0,-1
19.29988819619144,2.785534395280397,0,-1
6.6116000768834,5.446679391463579,0,-1
23.070969734646933,1.9379167785239453,0,-1
3.343800663192058,3.775459221356389,0,-1
17.077897691506813,10.956752473411669,1,1
16.07228770717696,18.894184947121264,1,1
2.837136445121138,-2.0289011191222492,0,-1
18.709542348365915,14.081479030395727,1,1
19.893673068495314,17.963689610338456,1,1
31.007524904584578,17.96846935048015,1,1
7.871672133466645,8.820280869368847,0,-1
2.332717707644667,4.885095587017407,0,-1
25.341158399076726,10.044136247091139,1,1
20.66999419096131,4.024674905453388,1,-1
4.64312363125521,5.187282833869972,0,-1
11.806473995246717,-6.967068457818481,0,-1
4.712953557058967,10.878224467780608,0,1
14.68712632022713,4.1596693169029635,0,-1
16.262567142815755,-2.2083183804030675,1,-1
24.844550653666726,11.047427646166536,1,1
11.66318091955935,9.402049991812188,1,-1
1.0819968975837235,9.112562102881451,0,-1
11.694355482152842,2.7743344676613866,1,-1
20.468968347526342,4.064787029508825,0,-1
4.998565877758748,5.923703378870449,1,-1
6.6386514746539955,8.87397366015336,0,-1
7.077006003987833,9.897389100359995,0,1
9.912949138279007,13.981835737143587,0,1
4.3917507430553835,0.935105395561596,0,-1
8.100934422773033,10.281639166859371,0,1
15.725850114239194,13.852773666136812,0,1
4.089782782165753,0.9725721912317269,0,-1
4.880609427713891,14.899184834766388,0,1
13.178229962397355,12.134927709927698,1,1
6.745585265940547,5.799491271985364,0,-1
6.213166464543246,-7.057776091267051,0,-1
19.382368875578095,10.934130128414957,1,1
33.76656249132204,13.857411187695533,1,1
8.720848179426708,12.950535958490889,1,1
27.921815017816307,12.017879200169698,1,1
4.825465085543644,0.22309306756863023,0,-1
5.72865750601439,3.9421345747848378,0,-1
5.697606236450507,4.748196780177079,0,-1
1.045323221566363,2.1381498912024597,0,-1
4.4688638127770615,9.010318519174376,0,-1
6.3142879642733245,4.192956053192283,0,-1
19.161016153669742,14.79502589640595,1,1
8.620218555812448,9.263185335959026,1,-1
9.962403453258212,10.298308129861102,0,1
3.3624876830990185,5.17326375175265,0,-1
2.1921330497399754,19.983978205892335,1,1
4.357357391303358,10.860324889667385,1,1
32.41337287215315,6.807492308223406,1,-1
4.347678408420059,3.6573891920166233,0,-1
0.49837771462821345,11.150132077037163,0,-1
6.137126786102914,-5.031471223856975,0,-1
5.022733280257404,-2.8863508232423207,0,-1
7.409573031600378,18.17816588536234,1,1
6.172396375497357,6.958928422814772,0,-1
6.864484470683381,8.320797188709836,0,-1
17.89394446166272,13.370985794388119,1,1
11.09908437449009,6.084334314087656,1,-1
7.916434295496629,24.977286409142625,1,1
10.217118303157433,2.157678874759668,0,-1
22.994901495060283,8.02029287673922,1,-1
7.239088370301174,1.8268684760213176,0,-1
14.337039609949171,1.1353627127897141,0,-1
17.30479292591456,9.702463586171437,1,-1
6.0394360891392855,6.779192225307625,0,-1
12.382392576699113,13.1719805852399,1,1
6.401054410678504,-2.099603103652292,0,-1
6.59299953246134,14.11455354139962,0,1
23.629708331265373,6.1452009449144995,1,-1
10.442098673397746,12.86646122245925,1,1
29.7068240818274,12.146885503761382,1,1
17.644412250653463,12.120048127172783,1,1
16.26568036752115,1.2537048979653171,0,-1
23.060659336362374,11.958326709591276,1,1
16.68183083566623,10.125325425512482,0,-1
4.022247503029571,5.5806627134244735,0,-1
11.740813468460956,14.049540190606756,1,1
5.7104668673428005,11.015133726614074,1,1
18.446048862254866,20.981753191368107,1,1
17.22390270729993,5.902140538721326,1,-1
2.723986979019382,4.679661407710437,1,-1
4.830677959583851,16.067138815064826,1,1
3.604799887051052,4.932218245319216,0,-1
30.22354694192091,11.951673982698882,1,1
16.130248635434576,4.126020610402879,1,-1
1.3271594590054994,0.4513059349027557,0,-1
2.389137557270553,9.948540668176122,0,-1
4.212368252651103,19.539337755491704,0,1
7.039494555190815,3.838501533545905,0,-1
3.603134335623538,0.6124087123288753,0,-1
9.531607772089343,-0.013139717193872968,0,-1
18.461361880831483,9.00887906853822,1,1
12.529361975844044,2.0362612743851187,1,-1
11.113494549866418,15.95596904589885,1,1
5.077458849453841,14.949353930157514,1,1
12.726442375872306,4.0734448527132905,0,-1
14.72740030506318,9.838735857441474,1,-1
9.899464948779386,4.207385389315949,1,-1
16.061047371833073,0.8961974398623944,0,-1
4.543453564573375,12.640209173029813,0,1
7.370163179020098,3.0953975803188527,0,-1
21.933832550885718,13.2235892867024,1,1
4.388246541203121,9.770413904359753,0,-1
24.84508156962249,11.785268665154593,1,1
9.793782095223342,0.765154850798929,0,-1
12.913965505417133,13.907324225731301,1,1
3.502959734713451,3.938733321739978,0,-1
21.07073357899564,10.936932659413682,1,1
29.12878697475504,6.933743384980826,1,-1
18.5469002819728,7.709156353880463,1,-1
3.292835345600648,13.238603570470858,1,1
24.465004427743892,15.22626885064961,1,1
8.813978109676372,2.557782242508825,0,-1
9.142417316492157,8.767650992020531,0,-1
23.094845172489983,7.402493711130305,1,-1
2.1929328766178546,14.710357480343784,1,1
16.560123845657028,14.91275194708,0,1
4.1300791432330595,15.249581796106494,0,1
2.376750402050489,12.211524163111005,0,1
6.185229159474121,1.9819883809912895,1,-1
11.224551090293721,1.9789305837469868,0,-1
12.139334352439395,-3.349262740520693,0,-1
21.869666022692822,18.35717767604554,1,1
9.122609022750014,6.014854567148884,0,-1
1.8563681548887117,1.7295388005941739,0,-1
15.523268344980846,22.620521801184598,1,1
13.388761439950791,0.8509670137320136,0,-1
6.537128208542415,8.183908828345345,0,-1
16.660698062376035,10.907609051406062,1,1
2.087101940307254,14.555011195006959,0,1
11.423080363710875,18.91195100698956,1,1
21.991502907164225,14.151239669595544,1,1
4.336792819466284,3.1554063214085986,0,-1
6.934540162523229,5.060697998393888,0,-1
33.51381515317366,12.933212350426032,1,1
2.950753090898383,-1.2061900743275196,0,-1
6.909330937986045,8.998124898881407,0,-1
22.764743982090224,2.6537836961800565,1,-1
19.6577824590411,8.824525435860295,1,-1
15.200545479951373,9.767438820641196,1,-1
21.02607075374198,6.0598589678487045,1,-1
11.551243038277851,3.78905444941514,1,-1
3.1518912252217888,10.843855917955924,0,1
11.631858620310211,13.050635697563216,1,1
2.9016646067392737,7.6943127553713815,0,-1
2.315341046535568,18.07059236887541,0,1
15.675595761079865,12.945393336027898,0,1
2.7521062044955267,12.395517679815033,1,1
7.44993941714549,9.954006097205571,1,-1
17.632923734942,10.083830452500457,1,-1
10.40932294884027,2.154227496222088,1,-1
13.201769866013366,13.194361808189608,1,1
32.608588041014855,5.166782508449227,1,-1
19.681148041206683,3.9521197942826163,1,-1
9.479001002762164,-6.0593393661122015,0,-1
20.33558772037326,13.606395739028816,1,1
11.522537872064724,23.841023405794527,1,1
5.57860179062472,5.111585852538795,0,-1
10.513114002812328,5.8558760967647,0,-1
27.846133447521634,13.912835894568715,1,1
3.7735612331424155,1.9946160521942602,0,-1
7.944730397644703,5.886509981812598,0,-1
8.321175419834882,6.971922909517964,0,-1
19.94231087010359,10.811370879064857,1,1
21.177075430119878,20.155959788366,1,1
8.210598980940857,5.193385667350199,0,-1
6.897624598311012,4.847342718073477,0,-1
2.0500029826775754,1.0422933295856218,0,-1
23.743505931171267,12.371368778757319,1,1
22.195130838374205,1.1005419351840473,0,-1
8.173967444865664,15.811951622751792,1,1
10.286909032360052,1.9501430536164754,1,-1
16.583306143642616,4.953136022046277,1,-1
8.721375382700495,11.267281843275466,0,1
4.771735728664448,5.942486753536016,1,-1
2.051345517950964,6.258228167131442,0,-1
8.744490245713333,3.8734708901358026,1,-1
10.755396848176188,-3.33283856823261,0,-1
10.420624432382708,10.034028843199138,0,1
19.65937550332793,5.098251964557615,1,-1
15.760460527358344,5.259514555515217,1,-1
5.521482196215797,6.197781816710364,0,-1
10.322772981966912,6.296706657638715,0,-1
7.460608069743759,5.623630234151232,1,-1
23.421357540024697,14.931024184151585,1,1
24.653732783033284,10.19070166142204,1,1
12.981635815609543,11.961067849959228,1,1
8.819644240286621,-1.0460219478446078,0,-1
8.844589252739123,8.803019638348374,0,-1
12.08542642307046,12.90659153023839,1,1
27.09305770063104,9.180554428225978,1,1
28.804046007096463,9.073045796791458,1,-1
11.139440284652858,2.2121205139923603,0,-1
5.742259659215673,13.06996378345745,1,1
17.178888347713613,12.971296361763368,1,1
8.786860510250214,-2.3786338056757614,0,-1
8.127458833886449,17.32445392918498,1,1
10.454242223402208,9.704216908115708,0,-1
9.936811279934656,2.832822901947573,0,-1
11.74894326422063,12.887671256634658,0,1
7.458741742005995,3.9409856031556956,0,-1
12.569472173425405,3.9073471044324464,0,-1
19.088209580976645,11.921910763004863,1,-1
8.092021514035027,1.923119865693124,0,-1
31.428150466271564,12.198838094489428,1,1
16.418016939200328,12.046045027559114,1,1
26.380325927377005,7.0870487291007045,1,-1
22.16620439670622,18.879000091790296,1,1
7.164934069409804,8.816152561763246,0,-1
10.022064758980434,5.0257722943969405,0,-1
2.421703488023507,1.7605106550204397,0,-1
20.04318569377913,11.721031684616037,1,1
21.890511259711886,12.95831838708822,1,1
14.61834293406326,13.307855977392869,0,1
4.6582290719027295,5.148508829798558,0,-1
10.588943326091428,17.081092590042406,1,1
24.638393897162498,5.989388536398476,1,-1
21.006968610347702,6.583731561496062,1,-1
6.421207130159334,4.962520539173113,0,-1
4.1403654819621165,-0.23963366910654926,0,-1
13.852806348550123,9.934812535882347,1,-1
13.465163060740121,1.8645589759290928,0,-1
24.502780340222802,18.09420581590107,1,1
28.97813996661351,12.193447360044072,1,1
2.0388859295223316,7.128140784013787,1,-1
5.243992813437717,2.2768238051706398,0,-1
4.569558076190405,10.819202330694075,0,1
18.682324262419307,2.1550301967770196,0,-1
10.234795386018908,7.029432917480527,0,-1
14.842289672571704,6.754805680676434,1,-1
3.2618521469124424,6.809531764492895,0,-1
23.998261455153234,17.98482882564903,1,1
5.829026824782598,2.8435507519422707,0,-1
32.999711758556934,21.16849792839132,1,1
29.863657256013223,21.94249358977272,1,1
8.836524829737558,6.9679030206064105,0,-1
33.75905103292107,9.895819305301433,1,1
8.296376756922692,0.7176152494647496,0,-1
2.534804417450094,7.738296551027172,0,-1
1.936029975621349,1.1454509784210423,0,-1
5.980757898422864,1.7831624409018865,0,-1
15.336588798350416,19.25789389605061,1,1
7.890064694195815,12.846175015341213,1,1
14.37609740619265,3.084792016335687,1,-1
1.4546695328762822,0.5988288720076334,0,-1
20.511981149909644,14.319150060364422,1,1
14.37575416742613,10.028821858492588,1,-1
3.480015414831787,8.870443853207135,0,-1
25.956568727078213,6.242366266079365,1,-1
5.288234570506354,-2.9843596652528674,0,-1
5.096682389392092,-0.1645620106934551,0,-1
5.2579591720489995,-3.233433390483679,0,-1
14.547717289286073,7.141520738477535,0,-1
23.56762401692166,13.940333181427981,1,1
6.980622846251404,6.7765817180234365,0,-1
9.330760867171264,9.100307228014845,1,-1
29.0857122942124,10.02746986474947,1,1
16.08630445430362,2.0380716029738117,1,-1
4.793272943946736,10.160525454078329,1,1
16.158425752712166,-0.8980178307946218,0,-1
8.173992395071592,-6.158018275317051,0,-1
4.383354186045466,20.94667068423886,1,1
7.487963929237325,6.316789649547939,1,-1
26.958589144415264,5.7755350403537555,1,-1
18.9845849840577,1.9475666609437319,0,-1
4.131492908368208,-1.6501086118321417,0,-1
17.603610292177454,2.922132208183001,1,-1
21.744199808409185,4.012811681754833,1,-1
8.129794986861667,9.080406004566907,0,-1
16.87962601658306,10.773696906511837,0,1
11.92757877411985,5.0993921234481405,0,-1
20.528866401631795,17.07908789678439,1,1
6.11078389223197,0.4852202250302362,0,-1
9.293547332875534,0.9338558114262163,0,-1
30.95782299789545,13.229872703393372,1,1
11.150940245699198,11.866454928504933,0,1
9.39098484336865,24.991499278655827,1,1
3.580545944776717,9.069279599488386,0,-1
8.91830559103857,14.109779001071832,1,1
25.227057233548564,1.9423082107128593,1,-1
4.385695428150113,4.999131976982408,0,-1
8.62183479874427,7.590126425145453,0,-1
4.31252658139146,5.014430398565953,0,-1
10.35867824826233,-2.0447405467465707,0,-1
11.221471886986583,7.089569731966034,0,-1
1.2201556161133187,15.044011621674258,1,1
33.08998823025281,10.145209211986408,1,1
30.814949745251948,2.80167531571837,1,-1
13.976385589370624,8.846145773653308,1,-1
21.885044549252598,16.884964288033878,1,1
8.471479133333693,-1.0541509583174182,0,-1
6.518996474376482,5.166793549014418,0,-1
10.88607557933154,11.849718668107823,1,1
14.594956253220117,10.68452870638442,1,1
11.714756192181117,-2.7916906616329236,0,-1
1.5710525237868627,5.031045433686277,0,-1
30.68787427047242,15.971426891237936,1,1
8.4716770357162,3.278808744341198,0,-1
13.243031288536164,9.180832126452042,0,-1
23.637567844162756,10.263775284504504,1,1
9.89718834336561,-1.737994926317647,0,-1
18.64716001082611,11.049748299291842,1,1
23.776442389308404,3.7788415633378705,1,-1
6.375174813846949,2.675020747368496,0,-1
4.077332237835984,1.1440405185898967,0,-1
10.844537471363648,8.77637016750942,0,-1
4.337347088373869,-5.960346520761274,0,-1
14.276242857283412,-0.3393437589179875,0,-1
24.399687200859677,11.841550755117623,1,1
17.3930788284783,6.02225925109272,0,-1
3.7410415120114484,-1.7345364400436587,0,-1
6.380303544137591,-11.108372003303966,0,-1
16.280448131722494,18.179888493276877,1,1
7.061873594295447,4.480031670024729,1,-1
11.10096305512136,11.190541032905976,0,1
32.0178625830049,12.741604218685342,1,1
5.437007644565345,7.970381075599256,0,-1
4.756366101509373,10.982803239108108,1,-1
6.551940705651986,-2.764188895704585,0,-1
2.3675213285592593,4.6050064879729575,0,-1
0.5985431106229683,1.9273894199418677,0,-1
2.78066515471602,4.136970482304086,0,-1
11.410022740035053,-1.000983784787696,0,-1
24.55495224195426,20.807632395005765,1,1
6.198741505664664,2.83421096598088,0,-1
6.28838422757691,9.83971983921841,1,-1
6.311475943942162,-3.449800618449313,0,-1
15.868740767061752,11.087815782907796,0,1
9.168916823539066,2.1473333710396147,0,-1
8.116463880629432,10.1652049396215,0,-1
15.922651156841914,10.209621592104284,1,-1
29.701714775718816,12.254202965235834,1,1
11.293660176002968,4.224621101828031,1,-1
10.488534687948059,12.678972928336488,1,1
16.032612979954344,8.633213718931998,1,-1
7.645273045924468,12.94458621622611,1,1
21.437540658382325,11.269255817886886,1,1
2.0804631580749713,7.220633113397728,0,-1
6.798386590197903,4.775953463234451,0,-1
4.636733419656467,16.32612930530726,0,1
2.959068607728862,7.386312832770713,1,-1
3.400670951973015,5.936027602819056,0,-1
29.876825712078286,10.81923614359276,1,1
16.25402724158645,12.003963560547795,1,1
7.908855188052555,10.104898216171378,1,-1
5.442224623369816,19.23821196682824,1,1
12.667443540922534,0.8694644931980235,0,-1
13.915894825063289,7.885257323078257,1,-1
12.355136005095362,12.069140867829354,1,1
10.078674432120478,14.85922733535817,1,1
1.8316034980507467,13.83338553909973,0,1
14.872826801447362,11.1120476178789,0,1
18.611082519763396,17.225325808035073,1,1
12.457449180254494,8.624662423781139,1,-1
13.854087136525976,9.002489537794865,1,-1
6.669656627760527,2.8715488004071617,0,-1
20.93728015628683,16.081343790955042,1,1
6.326361224925857,4.9173297788650565,0,-1
15.991845031940626,-2.2696599611592028,0,-1
12.919365444408042,10.935594043896916,1,1
24.585165690569326,12.725824817526085,1,1
8.203474114653321,21.951213065762886,1,1
3.342322526167986,-2.922302269024474,0,-1
2.5693629790993184,7.21623721986332,0,-1
7.085106572908053,10.97706509676378,0,1
25.663275543284538,17.154054479894278,1,1
32.29993439487771,19.826332213594657,1,1
25.801340430254253,12.761760297386822,1,1
2.6140933004651297,3.4777372277083423,0,-1
33.133363809641445,12.134198367700915,1,1
4.129182752616235,15.929991851244903,1,1
12.018209500534468,0.6717968465055364,0,-1
23.823590249712744,6.352747238766575,1,-1
11.787032353432037,9.177510931443905,1,-1
5.114432639579399,9.314198261998918,0,-1
8.012774906354997,2.7904127998931934,0,-1
7.572728103910735,-0.9282804799775022,0,-1
5.943454301694996,5.1490935932662545,0,-1
6.3858229056575455,5.032425873231247,0,-1
11.513073873747917,2.801229493246531,0,-1
19.433248575409056,15.024897984367517,1,1
17.48839274110769,5.318538282916858,1,-1
16.988936861026158,5.059931467019261,1,-1
7.250162421326462,5.6374444252294325,0,-1
4.741121274504994,1.0932698064183732,0,-1
0.9483206885495574,9.091501284912148,0,-1
14.298668940255475,6.366027620065221,0,-1
5.190795371229839,7.133361950217704,0,-1
11.761641026387931,7.882869193840637,0,-1
24.809475240759305,2.8440380551576396,1,-1
9.373759865880261,6.830530867908287,1,-1
29.493594899546878,5.081777460419794,1,-1
2.5848596209832486,12.879725514130815,1,1
8.7316984581935,8.286592428111689,1,-1
15.288356844928215,9.325029544001012,1,-1
23.882155444407193,4.0097629060655215,1,-1
6.5678645220561425,0.9328983497140406,0,-1
3.6996692819713886,6.342249150849561,0,-1
17.57931437575286,14.220368565083707,1,1
29.32790184701038,12.64067239131968,1,1
1.0266503160251264,15.293683086798701,0,1
9.469364732516574,11.888158235927992,1,1
15.799562039091386,2.037459288570574,0,-1
13.937070073975613,13.117838071877912,1,1
5.33638988278424,-3.839233709505372,0,-1
15.953153555449997,16.884345027817712,1,1
1.9916267570680344,13.531090759202868,0,1
6.5094777354139515,12.694179502816464,0,1
23.942404106512956,18.752064683832003,1,1
7.794156027352699,2.9974563998023243,0,-1
6.948450519283147,3.7448415157458683,0,-1
30.328749354919857,15.97884847140529,1,1
13.331667006302476,-3.239904345303593,1,-1
5.966966053500199,15.283453599907958,1,1
16.09728657285518,10.957296181443791,1,1
0.3931356500450625,14.82010150471287,0,1
23.194689173241866,8.00225621641163,1,-1
18.25340292271031,4.897515598010251,0,-1
9.97222938667179,4.891355835012153,0,-1
3.361848756460202,11.89721439385444,0,1
14.37803446984635,-2.1070592980684424,0,-1
14.414488992321791,16.09244771749812,1,1
34.463970833930496,11.924933829609799,1,1
28.188471676413403,7.0104586166819765,1,-1
2.805753789500824,6.224404741343964,1,-1
9.56113346389238,4.829791511408228,0,-1
3.916981520070788,7.020629176175241,0,-1
4.014638772885244,-4.760932733116995,0,-1
5.505010612885105,7.658266707328277,0,-1
3.0815043357549587,11.275354436039333,0,1
26.23042680896107,8.7099727727656,1,-1
4.78260948979242,3.9833167627602535,0,-1
32.929406498617695,15.746832061152258,1,1
5.295865492162954,-6.975984022915181,0,-1
5.833553460434685,14.081535059255827,1,1
23.80903935929908,8.854914709361239,1,-1
14.617688326053896,6.9939761557168225,0,-1
27.710424580018554,5.050702218372795,1,-1
8.036156622597218,11.687040563197073,1,1
5.305796125234153,7.1608585830486255,0,-1
14.396692822858178,-3.804036037165581,0,-1
3.3923301433985142,0.8246458218908188,0,-1
4.040997098885949,8.425811611497846,0,-1
26.076788807232955,12.142149604198298,1,1
2.2442537666866027,4.070249606624351,0,-1
22.705783572338074,3.032963313281922,1,-1
1.1518085511876595,8.64037703519648,0,-1
9.982422993332612,2.795727012831822,0,-1
4.844354522324795,9.108656626369967,0,-1
20.175655491161848,0.9339153036889662,0,-1
13.504706466189113,10.770933520758575,1,1
27.099046358805534,21.71132362742862,1,1
12.94351239638714,2.467203343780742,0,-1
28.40827078798255,13.0024263347157,1,1
24.338191576675214,7.034201275225239,1,-1
21.174122039615636,1.8486799741704587,1,-1
6.083053812201129,-3.547809669305675,0,-1
31.402569817676554,10.275369865476915,1,1
20.50235855887641,0.022882380791806156,0,-1
11.88005212976801,-6.935390464128076,0,-1
29.82995135007088,4.97624591876199,1,-1
16.814626855245464,6.734506619431443,1,-1
2.601352518486456,5.208184859372814,0,-1
8.945388088121053,7.285639061498127,1,-1
10.516099263964273,17.40795640797523,1,1
8.173933503935636,-0.5652231371912109,0,-1
9.772298276654524,-2.0346610232751097,0,-1
9.433633336888745,12.207626449345362,1,1
10.458735452250671,-0.04609991557946813,0,-1
8.082496480011041,9.059469864693256,0,-1
24.387552661337008,17.727906644208076,1,1
19.590760402897217,11.520792642981085,1,1
7.184090171484493,8.989604442425282,1,1
7.216168036961666,7.06026245891691,0,-1
4.749531146249252,11.966530862224886,0,1
23.789918335065945,13.830541210436582,1,1
26.988481380311136,15.17177201076284,1,1
7.067802106510219,9.67827001372519,0,-1
20.565176151266968,5.872503778713753,1,-1
17.8579121640882,11.298380473476463,1,-1
9.76186254184492,25.034566992243935,1,1
4.69393072104151,11.689798859826737,0,1
9.32271327740976,-2.8033404312002226,0,-1
5.541257612926382,5.790949747745206,0,-1
3.8315164082854474,11.205043066846905,0,1
26.222953334632667,4.999916283721948,1,-1
21.785640275861656,5.64380421541507,1,-1
15.343552353194928,2.8323115163875023,0,-1
16.963332933462514,7.270775667810366,1,-1
14.668209499586668,6.005539508978419,0,-1
12.744109646969791,15.140300601890544,0,1
3.4555332679335873,5.755982359786369,0,-1
21.61449926436222,8.956038937025198,1,-1
6.882005490305751,-3.4087659445370555,0,-1
7.817454742055132,6.940194831493702,0,-1
7.884502151569701,1.0620990561391679,0,-1
8.971664767366123,12.157179864129827,1,1
17.450252344998265,7.906456819825358,1,-1
5.228657778700275,4.21439014578527,0,-1
7.705096166325542,13.147216189880272,0,1
7.0547055982521405,0.9261601485841169,0,-1
3.60298895969235,7.942175284435773,0,-1
6.105096122447917,-0.9827960444508257,0,-1
5.092996222293626,9.889854929009307,0,-1
13.840573755057362,7.205024985522634,1,-1
10.541198054500573,7.957046490766835,0,-1
9.944061103697527,7.120869818671302,0,-1
5.46176269119584,-2.0044168891493186,0,-1
3.8278112676302514,6.055673636464448,0,-1
4.668848508246512,2.910210223267068,0,-1
27.65223955750785,-2.774495382003643,1,-1
28.147901300914693,11.90413816180791,1,1
11.520025406758304,11.904387771511068,1,1
5.143707427466309,5.876146340339648,0,-1
3.1000067667842033,4.805528649869107,0,-1
9.951853622715428,13.216274501724225,0,1
6.361271646990403,15.174190416103642,1,1
10.511902538099896,9.91812975460428,1,-1
14.780233958582102,20.20569070243108,1,1
7.9053675673004085,11.837289090439889,0,1
13.763771955864707,6.189155973902228,0,-1
12.724347817339238,13.080515345737044,1,1
25.050532752336853,8.400439974714892,1,-1
20.38609344690161,-3.7980838485748833,0,-1
12.934585092717612,0.35605374365716713,0,-1
2.7496341704373357,7.762791234550626,0,-1
10.170839304787863,8.78115713507507,1,-1
9.240263377100582,4.130381657346867,0,-1
22.915699805033352,3.7702939336545995,1,-1
10.270751996029052,11.00140159171412,1,1
13.211370130384,12.879019920549727,1,1
3.0620803263492173,2.0108836911877503,0,-1
15.4324019621521,5.999665830918435,1,-1
21.183509882360426,16.24535179855702,1,1
13.302170511016895,15.95809911105544,0,1
7.893550767696775,-0.34270702507562234,0,-1
11.822137265857966,18.853078939992805,1,1
21.833734402804417,13.831266410820376,1,1
5.484684572545402,9.964255462660429,0,-1
8.56335527049192,-0.08486923919105394,0,-1
21.50036046363442,20.838394056841356,1,1
12.39469470265417,-0.7697613234739578,0,-1
9.473188097816944,3.1582070221497034,0,-1
18.359078622425205,12.946830587606836,1,1
13.663782950910425,-2.163344256386573,0,-1
2.7590885320750367,3.760815056509788,0,-1
8.837860222213463,14.01887712219552,0,1
15.748479849297674,8.076528402719646,1,-1
16.609587081963436,7.892291530347755,0,-1
6.702780304626082,-0.8880560625276317,0,-1
28.11647408002438,17.257631017771388,1,1
10.996440017532516,5.998771000062895,0,-1
0.990773601828765,5.844677483162098,0,-1
4.282345865162147,-1.0202560086873227,0,-1
6.943470725988953,5.960326030851153,0,-1
9.248768469401618,8.045036554097678,0,-1
11.258470220956129,1.9806055256638793,0,-1
14.37198894014209,7.205463066931564,0,-1
17.679472186922784,8.148074855008698,1,-1
16.707317488435955,0.7408547987409904,1,-1
4.965174156599038,-0.8638239228634532,0,-1
20.51127890123074,10.925761750547533,1,1
7.592700873662738,11.253394737996544,1,1
26.179775519841655,20.35100523216975,1,1
18.46208375084614,20.251696332815825,1,1
16.115070602533688,11.146893302429085,1,1
26.464718562377552,18.91104196298614,1,1
7.504025236179807,11.932385145864757,1,1
8.869763611632791,9.219935521849791,0,-1
6.518452835432651,22.032064306952158,1,1
17.080795910490192,17.153266945333343,0,1
11.12672370378058,2.942828805468892,0,-1
5.967897176268911,-1.004468576437489,0,-1
9.848482142752658,11.906697962230112,0,1
5.363089874694704,5.781824952704497,0,-1
26.20256727478981,18.808699543800948,1,1
28.014619800339286,6.881966064550305,1,-1
14.701615714565223,3.703893472222042,1,-1
6.103322204293483,10.421328841305872,0,1
3.5752958883963424,7.111140136913299,0,-1
6.176678277049603,1.8511052461863748,0,-1
12.508050770545415,9.067108807059004,0,-1
9.220278151518476,6.697086213975492,0,-1
20.57418935458842,10.957019390833956,1,-1
15.668755478163877,6.953839004516034,1,-1
2.1956075905397214,3.1541344607614583,0,-1
7.668354465384108,-0.2557717418236969,0,-1
10.002431044902814,28.873443053916045,1,1
5.905500367768564,22.999042308362142,1,1
4.444944469684858,1.9013215563230794,0,-1
21.558827918437533,20.962968445544888,1,1
8.06207159182893,12.038582701824787,1,1
9.877305345465716,4.9902920184363815,0,-1
9.838883127906309,7.95655053329903,0,-1
5.3818253991310305,0.2859187934718648,0,-1
15.083339641137327,3.932968158164627,1,-1
16.537228082954368,5.152434409180973,1,-1
17.847923426223026,7.975076040230448,1,-1
3.7953842609126682,4.144728374110187,0,-1
1.3194658613998145,3.863729875914121,0,-1
1.4594469161728343,16.246745371296456,1,1
9.154768199032919,-2.0882521506388265,0,-1
11.41132904243217,14.914085709476677,1,1
12.7525260871928,5.908989916574264,0,-1
12.397482925929465,9.776058724083843,1,-1
20.2238528635912,9.942424780267839,1,-1
2.036131959195342,7.90221752295156,0,-1
21.79806646894662,28.221578939181985,1,1
8.70743947677775,22.14675776641258,1,1
8.63236884313501,6.967371087308031,1,-1
11.798118313329407,21.757868150171017,1,1
24.888253862257017,6.968607571992802,1,-1
11.797352414493906,13.86170256869039,1,1
4.346400319658686,15.878943107103463,0,1
10.671729043166403,1.0176229401754817,0,-1
5.234561434440223,-2.7688832215884673,0,-1
25.151693122582557,-2.780881474780955,1,-1
6.188240680235654,10.10013476275163,1,1
7.419228433696515,14.005533770373301,1,1
13.687552910950696,7.861945706043986,0,-1
9.26523572999531,8.065744825714575,1,-1
6.341825221681575,2.1709298849150294,0,-1
4.943402088501052,8.850108016498272,1,-1
23.95444336738716,8.003545996046427,0,-1
15.418834677748341,8.530684629853457,0,-1
13.871778808928614,4.939222506492946,0,-1
20.476709156969175,11.819603531042429,1,1
16.137797516692633,-1.043928109369162,1,-1
11.092891699331854,4.983260349143876,0,-1
6.27479563638934,-0.11157962512104191,0,-1
4.741343603751927,13.790338353551853,1,1
4.557211365663019,0.9248943975429249,0,-1
17.217290346712936,8.214802929450777,1,-1
15.150455967190739,14.1320815446945,1,1
4.024196244340096,-0.321224313751145,0,-1
8.183718924130885,4.7602599568280795,0,-1
1.3190040717175564,6.078402640657146,0,-1
1.4420754230659887,9.076359384250356,0,-1
6.396363787114163,0.21141616978465194,0,-1
27.237123179508384,14.384405846838735,1,1
17.338765006465746,12.819851750154822,1,1
15.19762366418693,2.248772479953466,0,-1
12.519583849719481,8.999272216364826,1,-1
18.04214180196858,19.177952788931222,1,1
6.666537240941523,3.9333161599030717,1,-1
19.907163976183384,8.95745504815131,0,-1
4.167579642509222,4.848651502988162,0,-1
15.518878812425566,5.955805536021341,0,-1
7.767835031631467,2.0036126575895636,0,-1
13.793853093858573,2.9143945876177924,0,-1
8.212350943384232,3.981376913614085,0,-1
7.866662964714168,6.046301822363368,0,-1
7.623842942940797,6.879574486340257,1,-1
5.155727439118471,3.773143320895336,1,-1
4.935440341420293,8.926477369484488,0,-1
24.434576873265915,5.897091114186246,1,-1
8.328130928323688,-1.697352540593105,0,-1
9.284028053944086,6.945386191907154,0,-1
5.004221223141579,18.302132601005614,1,1
9.664490254450454,-3.0417069421220937,0,-1
9.696943344362138,2.383005290472184,0,-1
11.570429837226014,0.12159630917859587,0,-1
11.306708431763846,13.831528491563517,1,1
6.926885881421869,10.695495434674296,0,1
33.92314174545236,17.420817307354394,1,1
4.32660545804247,9.152273656181148,1,-1
29.166666350293454,9.215436633333095,1,-1
7.783542563178527,2.75164779510569,0,-1
8.431502544421763,16.15449004896718,1,1
3.3840502871226645,12.012656667996534,0,1
16.69333645679444,11.284131641848518,1,-1
15.530378574740414,6.000776725906,0,-1
19.405670445026292,1.2757612244486936,1,-1
19.586687145525193,14.193355365824601,1,1
1.2531009894083176,8.090569698512176,0,-1
0.7340637693309612,9.976311609878874,0,1
2.4984099785187843,1.1373773975818082,0,-1
12.991958751731982,1.984174419228026,0,-1
13.146227719959443,7.077364264170818,1,-1
11.49260135728303,10.021702251205728,1,1
9.31145324978161,7.103782082096682,1,-1
2.251977330310318,7.940215072314249,1,-1
10.789933891414286,10.927122907230228,1,1
10.911884481079289,9.80490412987329,0,1
15.925073180663379,13.334754381900712,1,1
15.164157805108228,4.0979959616282216,1,-1
21.776984441552823,0.4717693587020726,1,-1
31.185659007403345,14.240988326861164,1,1
11.014467171171317,9.696830714266618,1,-1
7.925593799418772,4.002061441661823,0,-1
14.72746802486804,2.938281760678308,0,-1
5.07605407633813,4.161191805275003,0,-1
15.298261489687377,5.973017634748697,0,-1
11.397427243868629,15.766627243889449,1,1
4.59570560962285,-0.5315055659521022,0,-1
1.4824431001619327,6.5049127230687205,0,-1
22.97119537015574,1.8581627973114045,1,-1
6.385205585954201,0.22431694667654867,0,-1
27.521130230093476,1.9478665695128115,1,-1
6.844040558621793,23.276865196374153,1,1
23.974242233433337,8.042128760097793,1,-1
13.038529065298526,9.91191109639454,1,-1
14.885092056084147,18.347398561660988,1,1
5.669256272021775,9.092671948321197,0,-1
13.281461072126474,-1.0207565804942007,0,-1
12.28153548273139,1.1112699144050602,1,-1
3.1271502015567254,-3.8435342847523337,0,-1
3.6639826990848494,4.041019995080202,0,-1
5.699486246768299,5.985346786049433,0,-1
13.725806579178972,3.093098566149159,0,-1
11.093877810428543,6.6794515038569635,1,-1
22.81144433552659,9.738764513503735,1,-1
7.285985569860503,9.92698163606363,1,1
6.538540809777059,14.361675892814471,1,1
15.743549691080254,15.992324985021714,1,1
8.181599934689267,5.168178487650387,0,-1
13.217687467531185,9.031056964196125,1,-1
1.439013963899296,17.029234838977548,0,1
5.483055771331226,9.818376072386172,1,-1
8.84335189715067,6.292558309768545,1,-1
13.047600513882486,8.954503974647185,1,-1
2.303923800963478,-0.8630835901662657,0,-1
7.677046711271617,9.884004557600957,1,-1
8.290435402548713,21.787892731597392,0,1
5.3131990021833655,1.330053474830315,0,-1
18.999500255686325,20.205301097814512,1,1
13.894209165080008,22.963545712658007,1,1
4.84350074661333,-1.0902425115086558,0,-1
2.2630529837914315,17.755881343302857,1,1
8.3895084462498,10.376852328387411,0,1
14.37814791442157,16.97261584605909,1,1
8.170435827790595,7.049475166917059,1,-1
6.889785941320639,5.022803017359692,0,-1
14.129710955461974,5.51811459223827,1,-1
5.439121162821712,0.1580187481893276,0,-1
3.0520780407203802,0.9956478324939795,0,-1
11.489259509559698,10.163013692712084,1,1
27.14624013983242,9.028901893913925,1,-1
10.060888307554828,7.268660272271166,0,-1
3.2624782886535044,8.994380230889899,0,-1
13.531040359088447,13.334622583224718,1,1
6.234927714523901,-2.072708397791878,0,-1
32.20090014339165,17.09658032804186,1,1
7.394965496875607,0.03700558749074645,0,-1
23.007194986302668,14.489524914527781,1,1
4.293610401022903,8.986806927944972,0,-1
15.397761919090255,19.26398688658974,1,1
6.525769730453279,4.311962295391691,0,-1
25.02108486702251,7.839591425085107,1,-1
4.22253922246581,4.2865019331641,0,-1
21.869236647738056,6.21638839709793,1,-1
2.799460826515455,17.152473710493013,1,1
8.549662944117506,4.121076197079756,0,-1
15.602687819614673,4.038015668840657,0,-1
21.4876174169591,6.961608245137494,1,-1
7.4697598473943705,8.090806683531031,1,-1
13.333098600430134,11.679769595985878,1,1
25.53154506304952,18.754169444785227,1,1
15.473650244426976,5.664807107408535,1,-1
2.706018892749924,13.960914627884673,0,1
20.16076850919304,11.196402309071324,1,1
1.991130048901695,5.817415616943382,0,-1
23.07648895274605,9.163683839249153,1,-1
22.266434290085392,9.993211561547309,1,-1
7.460239941776803,5.85408673055715,0,-1
3.358954525823719,13.08544160843346,0,1
2.453401132415801,-3.058050290173359,0,-1
9.12556705393337,13.360853943884798,0,1
6.642738773161362,14.042571896513927,1,1
21.87060921216998,9.692046970167581,1,1
16.126581543735618,9.070304488664675,0,-1
19.112662648602395,6.34886314174436,0,-1
19.18094796978121,12.680551390658003,0,1
6.511270427504629,7.0076159768715875,0,-1
9.14621387905948,8.17025089681474,1,-1
4.436632960046469,6.152601626022459,0,-1
27.26172532548458,16.866767238706892,1,1
8.18351342835485,19.699287790173454,0,1
26.45878818750877,9.75098914084661,1,-1
2.211601446858148,-0.4057794187677679,0,-1
27.36669352658271,7.830245683148746,1,-1
2.2441850986125673,1.212399705844959,0,-1
10.87348103877822,0.22290006320595523,0,-1
12.395402264118154,13.747821526426996,1,1
5.348326040964242,4.265026923071911,0,-1
28.280172593838202,15.794050164298515,1,1
1.9307036898020409,1.2196336997281954,0,-1
2.6049301791336092,-2.7894405285725945,0,-1
22.557264677196795,12.057471151921803,1,1
13.078642049432009,3.4056043741589406,0,-1
15.997811573957655,8.04258967890367,1,-1
2.440582099057827,-1.2470609002348567,0,-1
7.153049491377054,8.329527852781737,1,-1
26.786883182911296,8.912312835295925,1,-1
17.05947185798307,21.987010203155137,1,1
18.106931841095772,8.965953425344061,1,-1
12.957738319913839,14.882341174192987,1,1
3.696347513582107,2.0984530592862924,0,-1
23.232040116679634,3.9844965190630006,1,-1
23.997091362586033,16.13278068453427,1,1
9.259638335642975,13.205965595341226,1,1
19.178800836616084,11.986928775710357,1,1
2.3674372951634655,22.133185783317593,1,1
12.804399242873505,2.947072306926863,0,-1
12.36745669841325,7.024493513613763,0,-1
2.27845869803778,1.1935339819019113,0,-1
20.76203271258496,16.061907214358033,1,1
18.088531357508472,-1.736183341364157,0,-1
6.074436047584886,26.065845374147344,1,1
11.41144230108252,11.949170171430762,1,1
11.118511611960669,5.204807845024565,1,-1
5.377015039069144,11.863810653930063,1,1
19.874997241952148,10.350610290693783,1,1
23.261717795907852,11.48567331671353,1,1
6.344237433231306,3.132569617693914,0,-1
19.132140709510097,12.116848617238698,1,1
8.946254370845041,10.137077311616324,0,1
11.760309505261587,15.974971921170287,1,1
26.124774419232907,2.7370493841608017,1,-1
15.956303815669239,11.883328617293994,1,1
6.103423171495345,6.820909090069641,0,-1
15.635376694597216,18.107434424945854,1,1
13.011660353066969,7.86937954896991,0,-1
27.00220496770038,12.161181540988341,1,1
4.599031505227872,8.853219963447494,0,-1
15.254160630904074,5.426884102220502,1,-1
5.684238671512287,0.726332846476808,0,-1
17.179999885956732,16.07992708949703,1,1
19.937953474742642,14.334553760662981,1,1
15.705407605670292,15.993170251855982,1,1
28.005346855949828,2.977339013362876,1,-1
16.49970278181528,9.86573210465832,1,-1
12.418008896312207,8.039791934425896,1,-1
22.761161457863167,2.5970987478863243,1,-1
10.76709945142019,5.809576803651918,0,-1
1.5178758627175641,1.9815642274149816,0,-1
4.583155149843556,25.893557575706716,0,1
5.873582121825696,7.035986178902679,0,-1
18.78847284122631,7.71808897702547,1,-1
2.788716701710909,-3.129801081770065,0,-1
2.275142039442978,6.753529634074841,0,-1
21.005575126007955,17.149153318446995,1,1
6.240384480211004,8.879003223292624,0,-1
22.203202332322302,11.869260639170047,1,1
4.218367432539019,4.887310701700617,0,-1
6.0522723203967255,13.161679541923949,1,1
5.192821495629752,3.721692515876292,0,-1
14.01371612660019,15.676603567048414,1,1
2.774688306826065,9.072682993454823,0,-1
12.380620470263176,16.072798483702773,1,1
18.012188377708814,13.025985804889572,1,1
1.1079854438512404,4.960631603554621,0,-1
4.644725812084472,10.992129262962997,0,1
7.945124937265408,7.083273417889931,0,-1
6.065071312360336,3.2786964052028047,0,-1
7.684601670509209,10.168606328887694,0,1
13.82937175286056,10.973087720192915,0,1
11.40325902693389,7.010160059288964,0,-1
6.0672033583089755,4.056035637299669,0,-1
14.774343509008736,8.718129235983753,1,-1
33.32241677539486,13.099424392778964,1,1
8.987936043889212,0.9808078870837278,0,-1
11.000303739699705,4.710169787443661,0,-1
11.673154043666825,8.866584932798215,1,-1
7.396969727367785,2.9846019623510074,1,-1
1.7073550869111163,7.235189562487353,0,-1
7.107366651503134,2.287776968266556,0,-1
8.309637331074146,0.9372932922170847,0,-1
4.824117070258723,6.080050947136314,0,-1
5.893523385643329,-1.6712096483223675,0,-1
2.03865419753356,10.180594751918662,0,-1
8.988158931893448,0.14693784856401848,0,-1
3.9079630237986223,9.865879071394083,0,-1
11.515829906412586,11.98055252933949,1,1
6.150521092470053,2.188091920923391,0,-1
8.2407290156848,7.922489785362469,0,-1
18.88382891115315,15.27420411319881,1,1
20.16691525501032,19.96456078891624,0,1
13.397370033166519,22.15714573616413,1,1
1.9957900854417612,6.228883699691675,0,-1
13.369568707030421,-1.1227496121682563,1,-1
1.1865022192171306,4.112013676171429,0,-1
14.847185327837936,3.919948784803559,0,-1
9.54672386360384,-5.152669094297227,0,-1
3.7665099832412463,8.824266773158577,0,-1
16.329144484419437,4.87995827191946,1,-1
16.228080150162988,17.90014175394793,1,1
12.849707944757082,11.094423419132823,1,1
29.316278836147074,-0.9433285232927098,1,-1
27.524658667231655,11.815803856422797,1,1
29.808448367978748,6.82934288028574,1,-1
2.3788146002605774,-2.6721222944178358,0,-1
6.513677484284018,0.2730778337802242,0,-1
3.830585003804274,9.015395208290553,0,-1
10.6006313663647,2.9498298934253846,0,-1
7.692037188706131,2.830912198840725,0,-1
4.6498367895525545,2.031159276159478,0,-1
9.315319866643685,3.8693589792711833,0,-1
12.451165914250598,13.675381142714606,1,1
9.548841446644294,14.733440906765875,0,1
3.1038033642859664,3.387929963941076,0,-1
11.502401536831874,16.033642216842203,1,1
13.74086895740841,8.771880314201248,1,-1
9.679709855975318,19.926769979914006,1,1
4.075713346944194,4.9220401827727756,0,-1
9.96079239535002,-2.9129937193160096,0,-1
1.644304510530255,9.861948283897899,0,-1
3.665166666279601,7.016361840401117,0,-1
6.988232172336167,4.3417717707569,0,-1
7.176847444825222,11.093617288518796,1,1
22.244392021949693,10.890295529249268,1,-1
5.152045435508192,13.663686291275592,1,1
8.963993860160631,6.30083625720631,1,-1
26.526868685173007,6.2983950483842435,1,-1
14.031167073738851,4.582699253609029,1,-1
10.958887189235913,4.3565848423419915,0,-1
11.254515641163403,14.310150674340267,0,1
10.034440111249756,13.283339554802897,0,1
7.798142830409265,5.1035421507019585,0,-1
20.596067825392105,17.938574222726803,1,1
11.872913454202973,8.954257361716397,1,-1
15.652331485314088,7.219622114726377,1,-1
16.398332871645092,12.898802280169523,1,1
13.694603682005955,7.304294670455548,1,-1
5.952401530798939,13.99969982996651,1,1
9.319353625746592,4.24085357039101,0,-1
10.884491006718468,14.323840959055747,0,1
7.7561873695889005,-0.9758833846209853,0,-1
2.16289528805489,4.058481722283368,0,-1
13.47408612611375,1.8587880315424243,0,-1
16.240797821727377,14.828075021793115,1,1
23.39962711325165,14.912675553378829,1,1
21.42222931148565,7.749087224397616,1,-1
23.80227337750773,6.855760621421702,1,-1
15.631298190089922,3.7665959103183866,1,-1
15.842427059339032,16.08272188528022,1,1
23.647198492215537,14.99931966224947,1,1
8.688969608198745,3.0293168157674657,0,-1
1.9205057709913498,3.82360040537651,0,-1
5.467834313896564,8.738792041375888,0,-1
7.867062612197877,9.85141632015499,0,-1
7.246594224044469,-0.9375770954247891,0,-1
33.643711327926354,15.300110460710854,1,1
5.064753744033832,2.7091339987042033,0,-1
9.488646728128616,7.894254476862699,0,-1
2.6625281520523734,4.253057493762061,0,-1
23.205768915017217,1.2160079371054913,1,-1
10.477066044600384,13.096894142442935,1,1
2.0051662483574315,11.037775802788442,0,1
23.84465538001041,11.021794165110919,1,1
6.899539186276216,0.9864547643930983,0,-1
8.341023723287877,7.8837633003124346,1,-1
15.600509342736773,7.095096563486102,1,-1
13.485698050772807,-2.0230930223232733,0,-1
25.93189248791184,10.087066943364075,1,1
5.576326625723212,4.339678320241955,0,-1
11.45854874603001,7.938698866193665,0,-1
2.700928785582567,12.065793933426711,0,1
7.814760711290829,13.203205233178963,0,1
8.197326787679351,16.94292303430822,0,1
21.46237143541051,10.987131077267307,1,1
3.5771425335335976,1.1408139363394874,0,-1
9.509523839137277,3.1838261668187116,1,-1
13.101666563826518,-0.0763230941442572,0,-1
0.4882315852645917,6.842517296638345,0,-1
3.7387236306523297,1.196593680357541,0,-1
9.898330503925775,7.376617389516785,1,-1
28.72581707196258,17.59610562916622,1,1
9.183560275205998,4.849340707587395,1,-1
14.99542825481553,6.948115281465277,1,-1
12.534124623826104,27.259607023203703,1,1
3.5610924926686445,-1.0193519041344814,0,-1
16.1714655054374,7.23409706243303,0,-1
8.587523411632425,0.9800895541019763,0,-1
8.906765939989226,4.981236092869796,1,-1
7.142976182671678,7.724291334333284,0,-1
8.760354718355588,-4.70522949452462,0,-1
15.021430050843897,13.914775159250421,1,1
8.051212669482444,0.7318180513246553,0,-1
3.8784656578684666,9.768132559813651,0,-1
4.721183448577452,2.253383574482992,0,-1
8.189688559646571,10.724501039855394,0,1
9.786922474154578,10.072733733833442,0,1
10.703615335717235,24.032446493397803,1,1
31.476405201919242,9.167484120450112,1,-1
16.259585645506302,5.723106439121654,0,-1
18.50079999836507,19.013860463377696,1,1
5.406411882009354,10.853664533298641,1,1
21.12334830570365,18.142886214971423,1,1
1.0960258497928759,3.780360136287424,0,-1
18.789355195367488,9.989307773743317,1,-1
14.984138888139446,-0.9725885468152491,0,-1
31.865506308478118,8.559740894194565,1,-1
30.591661922479606,6.146469283194445,1,-1
15.70135836159927,2.691303830430453,0,-1
12.45340042305119,-3.8993252061616275,0,-1
20.0676343492894,3.857967723212017,0,-1
9.186453738027508,-2.218221348812282,0,-1
23.37062852403388,16.806648548407942,1,1
5.04342128577916,10.078037259251683,0,-1
7.196677744092577,7.115929159105455,0,-1
17.926596548511842,5.797128655550853,1,-1
13.005464157552675,5.079381950161963,1,-1
14.679796955361239,13.138443131676613,1,1
28.431065374220527,1.1179898277020115,1,-1
30.607531682283614,15.783053014956767,1,1
11.293477637619741,10.982682036142855,0,-1
20.696546792186226,16.9510268253215,1,1
1.683467687111048,8.949393838039644,0,-1
24.324323406742955,18.999077822412964,1,1
11.110459272682638,9.158479032836855,1,-1
2.4144974131617096,11.944399354591699,0,1
7.731224544549962,13.076267384404613,0,1
12.715237749503542,14.09921460281478,1,1
10.010751401617812,12.127805523365314,1,1
30.919589899332337,3.200163414263219,1,-1
14.105963079529326,7.747485253743548,0,-1
5.408443759884735,2.917340349233946,0,-1
11.685530250487401,5.115147487126315,1,-1
19.117676999934396,13.058195338854212,1,1
6.009357577406999,4.160788346864017,0,-1
6.5235947942542305,-0.12244874409484652,0,-1
9.10928818311144,-6.683238822512958,0,-1
17.0614360694257,5.088095446611469,0,-1
22.622288934805926,13.04395838356293,1,1
4.951533953124522,17.926010238739284,1,1
19.286991865551325,6.7345482424624805,1,-1
27.890454841116917,7.830043134975238,1,-1
14.039583521699964,7.839369895165369,1,-1
6.275716248876617,-0.8800923533600091,0,-1
27.555549790132517,12.88016146314548,1,1
10.115144323021747,1.8320588702140341,0,-1
9.847967195522536,7.816474797775545,0,-1
5.026746456569521,1.7351378330272986,0,-1
4.06122334159428,6.236769762801764,0,-1
15.033807132766096,12.093270223413505,1,1
18.143329653310566,20.09620568432838,1,1
8.325356049731468,2.0524503594987493,0,-1
4.252843905446097,4.8225178769286,0,-1
6.566825106540292,7.644827466050572,0,-1
12.684494033661608,12.377436271346951,1,1
10.780866962517978,13.697868534305215,1,1
14.441405262581018,13.172064199614585,1,1
1.885906964376035,3.8526286879710696,0,-1
6.790304544831765,5.300831093290416,0,-1
32.41512730491054,12.787809383098633,1,1
31.59336418854346,12.008738976148777,1,1
19.95861098610615,9.08120242432043,1,-1
9.38382426894628,1.8898756643617034,0,-1
3.8592655684163497,2.7437718469842842,0,-1
4.785835435204718,3.8182748031280447,0,-1
18.683716608641774,13.03081441904703,1,1
7.368157562913689,-3.205883825435592,0,-1
11.074148315385278,9.851690378556771,1,1
4.083359645264576,9.374446984540661,0,1
14.625659094370912,8.657725986659905,0,-1
9.333347807805827,13.210853272289622,0,1
3.7926215541420176,2.2083084150732653,0,-1
10.493591139029116,-0.9179603338495923,0,-1
10.315349526682457,7.788732223635854,0,-1
5.679252810679384,8.272838825003895,0,-1
9.428606128339553,14.771527719372312,1,1
5.473763831693876,13.617781455461369,1,1
16.590292784540107,7.729065073739282,1,-1
5.105252118691646,7.910868205379327,0,-1
18.16429078181175,10.11931129832309,1,1
18.83664555553489,-3.1974037177974317,0,-1
8.745686927728162,7.656474285216145,1,-1
5.5503603328895785,13.730801820642778,0,1
8.214259249340145,0.9181104660052917,0,-1
3.7995574063918416,1.1450887132101073,0,-1
2.5667601745425137,1.1342518909858015,0,-1
19.134931502530385,14.264532032015673,1,1
21.866882392984255,9.701452648948244,1,-1
26.246708905452095,10.956520582086064,1,1
10.476129011892782,12.104016547383392,1,1
8.111587673908756,4.950814790338985,0,-1
19.315678978791233,4.241350741624327,1,-1
5.689012737729406,7.993727956847529,1,-1
5.153389121677917,-1.8973297546756953,0,-1
5.415992677358314,2.7663873298490103,0,-1
20.389861321554847,3.7876547880834153,1,-1
11.450198465632143,0.7748218229918251,0,-1
4.151168735393551,1.8312997614752966,0,-1
7.832631207024504,3.9117770211522895,0,-1
9.950917579357931,6.997559306610572,0,-1
4.1222064573264605,3.017938656552232,0,-1
10.044342204048139,6.27518205681077,0,-1
19.868353623797674,15.877588822992742,1,1
3.3523673209824456,9.848592780223168,0,1
11.555859258570777,20.06802490820759,0,1
14.547564248722159,3.0823362969650496,1,-1
7.312142646606219,6.2512110313533285,0,-1
6.63790511149441,4.3491930401619285,0,-1
12.384599970845873,8.002055473629564,1,-1
3.4164857709773218,0.9840132378827136,0,-1
7.33693279263936,6.273008718233694,0,-1
10.894587581422243,8.942854153555707,1,-1
24.82583746943502,6.1890153845903875,1,-1
6.367680717282584,2.162094674093421,0,-1
2.974170308948899,12.083273617692733,0,1
15.235006472030332,19.835945463549802,1,1
15.1373864606046,10.107851782510725,1,-1
5.626006275595094,7.947456421581784,0,-1
6.227652840912274,-2.0846925679246766,0,-1
5.994043520992569,23.000785734906685,1,1
17.32324647712476,-0.19080364689126128,0,-1
10.20105279186239,8.079622614232868,0,-1
9.820157458852472,2.9495355372652377,0,-1
11.921344544494046,16.00158265803058,1,1
4.097650082004633,-0.9875348729739954,0,-1
9.46441830388696,17.063362068854307,1,1
4.8159044823855455,2.960881059405594,0,-1
8.45893828843374,12.725759516177163,0,1
26.300916999771133,7.752285700909393,1,-1
2.247215579173755,1.9683463881917191,0,-1
26.861424195498916,19.84398497877681,1,1
9.00366558674321,8.78836432559018,0,-1
15.76118847679083,0.7798314067213532,1,-1
4.1210324009728,6.069695931609292,0,-1
27.476134392008163,23.18940828862701,1,1
28.60642501223866,10.314591016876307,1,1
3.1299430609841754,0.9672938378217033,0,-1
9.575095484084622,-4.960316663520164,0,-1
24.89722941609402,4.032115959638464,1,-1
7.190819928379042,7.741063684453177,1,-1
4.398014802053369,2.8183330656888863,0,-1
5.243834427991043,-0.09363457008457132,0,-1
7.156547201975318,2.2115224030175753,0,-1
9.282061181118287,4.014342349877403,1,-1
7.2045219010600725,21.151014956460756,1,1
2.839153054972499,4.114346410719492,0,-1
12.13666445003009,-3.065043523133742,0,-1
0.36479874972489695,2.060805370639603,0,-1
2.7436479346767517,11.273843839263215,1,1
19.908678969430184,11.334450742901122,1,1
12.87344005049155,2.7549368671921535,0,-1
7.304877674596981,6.118206378760924,0,-1
14.436671199892105,14.19133413857357,0,1
11.952596930856261,7.3066873911891435,0,-1
6.6721027684551055,0.053200261045414976,0,-1
23.99523113973278,10.801424071045762,1,1
15.104067827797923,11.161375681789362,1,1
8.008031633905084,3.6884225853965695,0,-1
14.788255217597914,5.275452762840963,0,-1
12.410828319498936,11.887479507865809,1,1
14.696447110641778,14.099891475598628,1,1
27.532225556099437,2.1186084165584163,1,-1
5.280298504189378,6.837254009339766,0,-1
12.567262488231187,14.856054758907906,1,1
20.852941033887465,10.146114606044392,1,1
13.47395996931872,3.0319992350823846,0,-1
5.787099380820818,1.3429620142320253,0,-1
6.247774391773303,3.8792880332866346,0,-1
11.719462733732891,4.59789455416151,1,-1
16.971809306477603,14.060488252103674,1,1
21.102200930007008,9.836809358748226,1,1
15.925096014389704,10.805280795023528,1,1
28.58235619414959,15.769339425780213,1,1
23.474097280706765,18.251721828358654,1,1
13.959360791323418,3.0403185023473647,0,-1
24.38401536865677,15.199743085478204,1,1
17.57932684478042,23.760640428889428,1,1
6.561111929211512,3.0226846541329984,0,-1
8.881546967354879,0.36020450845156304,0,-1
21.834470570387264,9.163431102387246,1,-1
9.364474436549202,7.101576908921153,1,-1
22.043718441153498,5.137742265752912,1,-1
5.207157373719018,8.947264082613,0,-1
3.3283462438037317,3.1197041177339564,0,-1
10.439497831705337,14.958662739763959,0,1
17.09784585130464,13.137735114640826,1,1
18.82835813210644,12.834517991628921,1,1
11.300838954775658,10.96075742395471,1,1
13.895651244408588,9.16303125025825,1,-1
2.3294317849639947,13.475268265892371,1,1
11.203665772969115,1.1311602354367665,0,-1
17.79233143808672,7.082757922253052,1,-1
7.282366373692157,1.9849896571015115,0,-1
7.786517306123961,-5.965577244204823,0,-1
15.04233364738396,16.193827911148496,1,1
16.947070931170643,8.010746265255516,1,-1
28.097744126206223,14.912510332198202,1,1
8.826546559119084,6.213627719811914,1,-1
25.94339847995859,17.367543036948568,1,1
22.218634009862708,3.9090726384459664,1,-1
17.27059564787907,3.562178134339881,0,-1
7.986514175603128,0.918633369211463,0,-1
16.391777258078054,0.9722688874640077,1,-1
4.89010748490387,-2.976983285062598,0,-1
8.268941861262375,4.327660730720865,1,-1
11.9246981600833,5.808329018309728,0,-1
22.207821665286986,11.230540205831623,1,1
7.268562488089035,-0.013036882537129202,0,-1
9.466606638340458,2.7857209200709825,0,-1
20.54459146124505,11.791591312956875,1,1
14.51418205137955,13.227563142427734,1,1
2.326407954681343,4.010624986211486,0,-1
16.47656974883525,14.2594541466528,1,1
5.911610718014791,8.792559935330836,0,-1
10.944081253089918,10.068626494784617,1,1
14.850808091758553,7.098022506017884,1,-1
5.747177694638302,10.086391948743078,0,-1
10.873073589244031,4.359403856178609,0,-1
0.47740515421313806,16.217298985850324,0,1
6.930533219175921,1.0369961756023791,0,-1
6.269440048546401,11.155203154798208,0,1
9.555737737472938,10.014693399159732,0,1
5.431667534169102,10.043121629009555,0,1
19.016143055848556,13.975580028103959,1,1
4.6379919661405244,2.9483610992944875,0,-1
24.407674489083533,18.240845864790167,1,1
4.17455275371724,13.05941776347893,0,1
11.519735136265465,11.235217450248054,1,1
10.288445284696534,11.948312678417789,1,1
21.713683668410525,12.176145194859025,1,1
11.567392817736364,3.045403988126157,0,-1
10.22834742607597,10.090347968534495,1,1
7.281071847314084,1.453187317812393,0,-1
14.08192213017774,6.924584412964364,1,-1
9.145322269255331,3.000031497845548,0,-1
24.44453652461099,4.759866911069022,1,-1
29.283907513385014,10.104760350316884,1,1
17.731146734426844,-1.9033768025536908,1,-1
6.009789574312912,4.867004064645446,1,-1
19.969468472938768,17.1482456854521,1,1
15.817418610228012,7.723557324420433,0,-1
1.4069144750689433,7.035529818581434,1,-1
9.449009264571153,13.027574973766335,1,1
17.291792122774094,11.09425590449781,1,1
4.018482841207072,9.110548597865563,0,-1
5.065102999339057,-0.8932073590626395,0,-1
4.583798103441219,11.842319471894555,0,1
5.605420620004928,7.8998682280571515,0,-1
26.748728512331276,13.131846660582585,1,1
24.319984982323458,13.816692581287825,1,1
12.54487131021876,3.012529697284002,0,-1
33.284810993782294,23.896332001531793,1,1
29.582234596310155,12.776556724007715,1,1
26.758767260921,4.952761178861564,1,-1
8.454451982037202,18.905320105263385,1,1
11.124149270124114,8.219097005430253,1,-1
15.385679656079695,17.218573629629862,1,1
10.115823407947474,3.1363549294658633,0,-1
5.374414168038091,5.293092949602951,0,-1
7.603682048793819,12.14904226466128,0,1
14.159460667422525,14.825081552294776,1,1
5.106038119876273,9.006449015492372,1,-1
24.50339583759707,10.177624691588136,1,-1
9.097290120786917,3.6671980528890877,1,-1
10.353980918007547,10.80888722935077,0,-1
23.34117075763008,5.841882993241693,1,-1
29.759737282504382,2.1848707721915233,1,-1
11.42983579393736,4.792146721946363,1,-1
20.321136672843362,13.09619611888587,1,1
7.216546274475468,13.055305068278972,0,1
30.67101945980332,13.06654171287531,1,1
23.549024526126736,7.8071736290029285,1,-1
8.146693156598339,3.969621174399599,0,-1
7.199661517966109,-2.015251256388744,0,-1
3.5073260753833746,3.799690264468289,0,-1
8.154410423237382,8.016352682949197,0,-1
4.700115149894013,4.080975356881524,0,-1
14.746535400450886,17.84296437457925,1,1
10.42827280708189,4.959834258014716,1,-1
15.363503620402824,18.767898972963696,1,1
9.401507141786825,8.933845141038866,0,1
1.6137099519831493,-0.8045561690800511,0,-1
30.4631322168734,11.222206419896757,1,1
13.658849675697082,2.8446514128877425,0,-1
11.586079322473973,0.7994769086630242,0,-1
10.887878407219446,8.916745123738046,1,-1
10.521746605496194,3.1985841419986905,0,-1
14.597997519736259,-2.9377520331192457,0,-1
9.956018419995928,12.075875779068593,1,1
9.992716345670015,5.1472777703714065,0,-1
11.876280608373488,25.430779645486705,1,1
21.134730737079444,17.906750079993913,1,1
2.9462069066997922,-1.8450261531501688,0,-1
5.469930437636845,7.360844402414969,0,-1
15.675129524436704,15.787568418729968,1,1
10.008414447665587,3.845522990713718,1,-1
13.422007758167384,-0.9798168962183986,1,-1
3.1913394907427,-0.18000353172605088,0,-1
3.912953245326984,5.92870080182459,0,-1
1.5121565280810632,12.989309714450929,1,1
1.8986732733856955,-0.26552998674739925,0,-1
0.9355327743639836,7.630217954559207,0,-1
11.967329465920068,6.164903513780388,1,-1
25.416897619346784,9.16927412665347,1,-1
13.00549316741669,-0.025924812821138232,0,-1
27.566769588561904,-1.0303344982027838,1,-1
5.369644835737189,3.054698395716219,0,-1
27.259392479050955,10.885842324281573,1,1
8.471440289637524,1.935774975752384,0,-1
10.091987183119798,6.917748631885285,0,-1
14.44206704653069,5.2456380847164645,0,-1
7.089478877242878,8.098101534146437,0,-1
4.525654917200211,3.990697110889137,0,-1
7.065079585202377,5.964313604746032,0,-1
6.010141493329524,12.957175648208025,0,1
25.96461978455514,6.754467766543147,1,-1
5.305956786033419,17.235273918085493,0,1
19.074463317115256,14.05160190488515,1,1
4.741816783015417,1.976790278053695,0,-1
10.585664381196196,13.813375488646138,0,1
7.204232410341323,1.0278841040731628,1,-1
5.243085858613247,9.091579878848822,0,-1
15.920826463747575,6.113657135946291,1,-1
4.008465995460322,8.974596947887438,0,-1
10.806438142318502,7.164486682881517,1,-1
16.26688810868974,16.09545736775075,1,1
5.591104651772092,5.099879864259275,0,-1
10.836033636619646,7.981094983154172,1,-1
6.695480363818261,12.049906228437973,0,1
4.329709226799332,0.8407697985622704,0,-1
26.831642570473672,17.95164715452342,1,1
6.399477767795449,11.237323049832668,1,1
3.649759758775395,8.18479919661607,0,-1
10.677687822194297,15.920463805548039,1,1
8.376895038232558,4.837138668535946,0,-1
14.719268140562265,12.530265716774643,1,1
6.026202460756266,7.095437733734624,0,-1
11.743411704673328,8.202118512341528,1,1
27.915346467066264,9.056710968069194,1,-1
13.482984035856111,11.129319716801486,1,1
9.242006998763024,14.038354648447108,1,1
3.8967869306223344,14.99896109582533,0,1
6.453472443034855,15.7904538374193,1,1
7.30194997052226,5.132626654434759,0,-1
15.564286804510084,1.6384652857575617,0,-1
5.028684541171521,7.9655698112873985,0,-1
3.1682280697679075,-2.2430305544505593,0,-1
12.011130178688962,9.021891583278531,0,-1
0.3441212706528005,12.755140502527492,0,1
3.6327683141683758,-0.1727923435475347,0,-1
3.55822968785108,20.09142124180482,0,1
14.538713005751518,19.202987863381264,1,1
1.231978122581805,17.041547305280606,1,1
4.993430107169694,8.36990033405284,0,-1
17.068320966027333,10.946993907802174,1,1
27.887836990532488,16.705729113892364,1,1
1.917867674161246,4.774753264349499,0,-1
1.4903964100316431,5.037166355729507,0,-1
2.328649015681067,1.8854489537760024,0,-1
26.07903397934907,8.236063874338235,1,-1
13.318919031607091,1.7161473053609484,0,-1
9.297502161027914,11.273410004661727,0,1
26.269301079969654,13.971612984839272,1,1
5.020053494962908,3.1598123700559277,1,-1
8.639838731872633,-3.988149563979615,0,-1
10.742544113292764,14.97466598551636,1,1
6.608919276113399,-1.753838843649742,0,-1
4.717286596290562,1.9511896697042417,0,-1
2.9525344269830622,18.993288846442944,0,1
7.735203937250649,12.01914592120896,1,1
17.957945849357237,7.087874389747903,1,-1
4.231709891908661,10.066057161773045,0,-1
8.63449541765205,5.2064079429142005,0,-1
19.545996098631463,18.841672182684775,1,1
7.275795950493707,14.186641572942904,1,1
18.176767189579973,5.955290842637961,1,-1
4.705536023767914,0.997005980255242,0,-1
12.729217039314298,7.072137600304821,0,-1
7.5396690725809385,12.236658358190954,0,1
20.914653098090035,6.212488606610972,1,-1
3.223803130709871,2.187936958677394,0,-1
2.815398646447655,2.0501393670285424,0,-1
28.316086896729292,14.96438181904141,1,1
8.221716586833027,1.9434234712207186,0,-1
3.419074243622367,1.2907785339314408,0,-1
16.224979411908937,1.8893402200162548,1,-1
8.613303113700766,3.9655756444781503,0,-1
21.875651921479967,6.019328796608178,1,-1
3.511021449293897,1.9117113809099102,1,-1
12.84899807164446,15.957515013885743,1,1
7.588807920588154,15.998029421988306,1,1
19.29286011090147,-0.09858879774701634,1,-1
19.248964458815486,20.1232965711835,1,1
4.303282125073095,4.97545949582662,0,-1
12.90564884455494,11.183055298874798,1,-1
9.408827001940733,8.107346113193522,0,-1
9.258732260972659,0.8487288582345336,0,-1
11.548668724245493,14.909832627578318,0,1
31.193969621522434,7.99645659227707,1,-1
4.222589613558491,1.934278593262011,0,-1
2.3216816889125758,5.083941614114302,0,-1
10.949147458172332,6.107250116513786,0,-1
2.8161998106368866,4.127213321656264,1,-1
11.958427388142562,9.231929270104647,1,-1
19.998492161571278,12.77335291402974,1,1
12.897644791518992,-0.024454652721438208,0,-1
17.955372975385064,5.783282718196549,1,-1
14.374651676909426,4.491597307405513,0,-1
22.350299279015257,7.903278993416791,1,-1
29.007063671089817,9.924476871024549,1,-1
16.482704365319453,21.39626831816716,1,1
21.629711157832695,8.139437505385317,1,-1
28.59063502929534,8.063528202938297,1,-1
6.669439534165114,4.2363502977517555,0,-1
13.404112607473362,16.956345797993617,1,1
19.513095785193393,14.082853749615314,1,1
6.917804665793275,5.364125850938027,0,-1
31.545213306231084,15.186583105414222,1,1
22.883315367396033,1.8431751887536798,1,-1
12.498669219325532,7.2756815819709,1,-1
4.977146331631342,1.7024807132924806,0,-1
30.217648706358137,14.037334896163213,1,1
3.731791787405849,7.839610426134779,1,-1
1.9922994507394804,4.280816092929964,0,-1
6.314664016067284,-0.7084325764404191,0,-1
3.310819426839688,-0.8622435789000846,0,-1
11.802694550289807,-2.0439712230395486,0,-1
24.68065608307576,6.013167531312213,1,-1
7.7560464226263,14.709335669793141,1,1
27.159787169571068,5.291855976396334,1,-1
7.480998493109566,7.999105326611279,0,-1
11.433893906418982,2.206075575960565,0,-1
4.991647318977003,6.791520962447283,0,-1
8.798436959199814,8.303296136858751,0,-1
5.132924284773759,12.113464269534344,1,1
4.649479131681566,16.85063065878395,0,1
5.59457947081741,-0.2399342200850363,0,-1
7.388954644796566,8.88278784205395,0,-1
16.855696767330766,8.119855553330947,1,-1
9.018700448343013,19.075407939693328,1,1
3.7931520223729245,6.01618008490637,0,-1
19.55866763201731,11.755528365401176,1,1
12.366946442593779,13.94779887033729,0,1
26.241015191580253,7.81650127901624,1,-1
8.112992552350514,3.9715313232211322,0,-1
6.21866076787101,5.872885969005196,0,-1
13.018884930901411,14.92867672976038,1,1
5.455225847956628,7.22072065576528,1,-1
21.838143928182244,14.343939694462012,1,1
25.41638637101599,13.17359600751805,1,1
24.064252005463853,7.020114680868623,1,-1
27.915744428331504,9.825667726604003,1,1
9.483828085739756,5.725727412649924,0,-1
6.692627783133562,17.087878416874215,1,1
5.67434398371301,2.761365506458489,0,-1
6.317071852463237,12.771505871992211,0,1
9.801429245097404,2.5756195364947096,0,-1
20.73705105956809,1.155807853525804,1,-1
3.4325927012727733,0.14484835309427524,0,-1
29.104235018991524,13.929793253376928,1,1
23.320416985606133,6.873482844822728,1,-1
2.7548690342733044,13.942594688561439,1,1
11.646303117482633,5.0256799788744,0,-1
4.947027026309525,1.8079794211575404,0,-1
8.35916001243166,0.96176641537782,0,-1
1.8854059928942708,-4.271933033880501,0,-1
8.382088382836088,4.036945292167719,0,-1
15.586779943073129,21.39223708839707,1,1
3.649597355464952,8.129870521234299,0,-1
23.902085305722146,14.982711508421136,1,1
6.5235931179944675,2.0410007080191974,0,-1
2.6917619586533146,3.2636721148095162,0,-1
5.383250262206222,5.056166075163269,0,-1
17.757196796326713,17.902193493885477,1,1
9.17190394606477,2.0284532411387914,0,-1
11.603876723115828,12.034435773133637,1,1
29.224203940100733,25.109285001549043,1,1
4.142717181382022,-6.165477890887409,0,-1
8.501686755932452,12.739461757118335,1,1
4.216125752362482,2.05026765002885,0,-1
13.63970552113566,-1.1531414358543621,0,-1
14.801027054522956,1.5482187872931021,0,-1
12.497186492205119,7.938294641349838,0,-1
6.783467179642767,21.112910606460474,1,1
5.064793469139167,1.0665076939974298,0,-1
11.513602027972524,0.9308917604598541,0,-1
10.289881379504559,18.903362996833202,1,1
10.702872391891738,-2.4453922604732554,0,-1
4.584502546729918,-0.11175832680906339,0,-1
3.666962622171646,15.34905838035516,0,1
26.08013659747527,12.952907665155728,1,1
2.8563795498176607,17.0356107509486,0,1
9.035228042694031,7.22417993770021,0,-1
10.852734773287692,4.959543035277598,0,-1
5.282937771367885,9.897659697617488,0,-1
17.387672873962764,10.340786857699328,1,1
8.44529957756421,1.9834549219097113,1,-1
6.362636383327055,12.91560280924169,0,1
6.265287514402454,-3.729996674575119,0,-1
7.220071853997331,-2.8397328410377938,0,-1
8.323579138123153,17.73898257093099,0,1
9.543512284974147,3.974583642573929,0,-1
10.758443290151218,0.8101843897018277,0,-1
24.15000362089197,10.266272973695433,1,-1
15.606999803211664,5.124507795513232,0,-1
1.018092480361864,11.899026168770522,0,1
15.508345762960541,7.028152349913228,0,-1
14.368556014320392,13.113601462112616,1,1
27.271304224273074,4.101863791089585,1,-1
10.112028106788735,15.80218743127925,0,1
26.51928277432345,15.958477000306988,1,1
12.21720105940989,3.997618483139206,1,-1
7.455559658584143,7.973792914409618,0,-1
18.756616505668767,4.835019115917937,0,-1
18.870326761129203,9.023841884172835,1,1
2.2289132912387335,-0.17518234852488845,0,-1
3.746673654955949,16.093725240242314,0,1
10.51963399572913,-0.20386915979980813,0,-1
17.78279171600957,10.038751219542682,1,-1
33.75862822355292,13.925518723943696,1,1
13.776226972681014,9.109553974603447,1,-1
17.51470405268632,16.332110937870514,1,1
17.31027725957095,11.851202325515906,1,1
21.789352147973815,11.273613007732354,1,1
11.472453722258853,-2.207227088488814,0,-1
7.8685876353501,-2.9120161690804025,1,-1
11.21037426555868,18.94875862948311,1,1
2.6714476015535373,9.90849292573187,0,-1
11.855641434623053,2.053349906565714,0,-1
10.886758102330269,20.652426906210703,1,1
20.50288534416913,16.849438310647933,1,1
11.635354488209819,7.856039066171451,1,-1
30.24775297200393,2.848907341572801,1,-1
10.82532778104056,9.759848013166852,1,-1
14.096766348691272,18.11121302571762,1,1
9.408116569978269,1.8214654503737115,0,-1
23.15748040152255,10.87514272818013,1,1
17.658846160380044,2.87467944093002,1,-1
5.880986695435743,11.00284175987333,0,1
23.432637298387274,16.039291572015653,1,1
9.99260271636194,4.92200110259877,0,-1
19.628163052031674,15.300139601374518,1,1
24.995861053714748,6.045840734084969,1,-1
7.16689706296667,4.8629640583844385,0,-1
14.426616595481796,7.240439473981919,0,-1
24.887799052242887,13.229426681574719,1,1
13.079064865791967,14.157381316122489,1,1
7.183995171401539,11.988657544815698,0,1
9.810963539507618,8.393120918937008,1,-1
3.999265412058134,9.81820113026913,1,1
2.1564109897057957,-0.1243246832121514,0,-1
11.087284147917964,7.992692889634121,1,-1
29.366121281687942,9.9006767742192,1,-1
13.099059983692102,-0.8557047441393415,1,-1
2.9061007460181782,15.840926291390154,0,1
6.5237200315250385,0.03766551726420886,0,-1
8.657068601657636,12.756650363610582,1,1
9.737003754205311,13.719280311256664,0,1
12.651096056389042,10.046139459930863,1,1
11.030712147815706,7.909803779858848,1,-1
8.15326503005842,4.179372009703187,0,-1
1.7891418568284516,9.00735389585256,0,1
6.939431080694924,4.052116130332852,0,-1
0.3456378610961203,12.643296005685883,0,1
3.7219217299886775,15.395150181279064,1,1
21.531356595929214,-0.47530983124832105,0,-1
8.296397186275959,4.183100734228699,0,-1
21.63736086156008,23.680799262356768,1,1
15.873182405738303,9.160252074698011,0,-1
7.261080562367928,1.1817413141341753,0,-1
9.377546243205538,3.0745959872589843,0,-1
5.6100195171300005,10.717475282708367,1,1
25.818566762933234,11.160539030518997,1,1
24.339065442377702,13.155905959026747,1,1
12.148146022292883,14.245972351828556,0,1
16.49041112894127,5.021657251588977,0,-1
12.596235381636069,2.8484180468156204,0,-1
5.041784713488497,-0.9546573081475245,0,-1
20.8041923868421,11.05670652377485,1,1
6.5847685152553,6.220278989026735,0,-1
24.54984789949508,5.201243504514345,1,-1
6.978454497229132,1.9528815622676596,0,-1
10.115587452275014,14.228105681781692,0,1
32.45358193361965,12.222168640226688,1,1
13.588127197215643,8.36262577842217,0,-1
30.412927107364865,9.759082360304031,1,-1
13.020228140865994,0.9060411920335625,0,-1
14.569169945177471,10.209476269031786,0,-1
22.895475244711314,7.180078817874122,1,-1
5.559688575002008,4.217322956765745,1,-1
1.4858715709843597,7.2341910100111235,0,-1
6.509685261046741,10.959002130376625,0,1
6.865079179864415,6.299819467769019,0,-1
20.101448232747284,13.959094927688149,1,1
1.4273708242053544,-0.19380810568165785,0,-1
9.690528687911902,14.225981413382009,0,1
3.676572048343809,11.98317786911235,1,1
11.249894424772169,8.154338540815402,0,-1
14.392101876622785,22.17517407761416,1,1
4.501850183777842,13.838690438905815,0,1
20.515553003494382,13.033188321086584,1,1
22.581565526272428,10.926573048435959,1,1
1.617723514882003,0.8229104323542842,0,-1
16.879278014051234,3.931421908807202,0,-1
30.994506808965127,4.851424189115136,1,-1
3.126395012664458,4.101299427977704,0,-1
4.011633863797176,5.247687864293539,0,-1
5.341494128942801,5.331731710793953,0,-1
14.576453768333598,11.471900732976678,1,1
16.099163620639363,3.2999394053268034,1,-1
1.6262651272969508,15.122724241095128,1,1
7.633424708019344,4.182200098166454,0,-1
20.518952344860338,14.840459479717804,1,1
3.904219268198993,6.22546889565033,0,-1
9.505105836354785,16.803967462226,0,1
6.612279727630855,8.70972163560819,0,-1
21.186369424457773,11.832428319799025,1,1
4.995097302432209,8.957028282570363,1,-1
3.779228622876007,-2.1396941086167054,0,-1
7.017613926385363,-0.9508957983139403,1,-1
6.953697056133009,-0.6942286494820955,0,-1
7.089435346588045,0.2041295106366725,0,-1
7.598394419354576,7.124641414334668,0,-1
15.66294776635982,1.8151851825385101,0,-1
13.800969966373001,-3.3037247474404516,0,-1
13.094552157000747,12.736699452248658,1,1
10.141052413496558,1.8338733537454779,1,-1
5.414833267035734,13.914548184395034,0,1
5.5887594838351085,4.887173748386623,0,-1
25.959171552729078,12.39791528278269,1,1
19.292064601985555,16.60784810446443,1,1
6.994741752337219,-1.086341361475089,0,-1
19.249401036980576,2.9528252540621622,0,-1
27.16047886558181,2.5225571922538634,1,-1
27.79988228375842,11.77139967045333,1,1
6.443607213760021,2.949939923040631,0,-1
9.390420673096983,8.872776937015004,1,-1
11.054282633573626,-4.571120013667354,0,-1
5.431528454159025,7.955010625268194,0,-1
20.01717350070434,16.965960163267283,1,1
11.248214027869595,8.21888891345358,0,-1
14.585589808735,13.002846708098343,1,1
7.672679185149643,11.096811619362946,1,1
28.086323579526688,9.885315895046801,1,1
2.6790581066836086,4.652343156672448,0,-1
15.448165116576321,2.3281369527209854,1,-1
21.26940426890928,8.10883211938825,1,-1
9.88019085415983,7.575257797142516,1,-1
15.608620536106987,2.9828884884960516,0,-1
12.262796326353811,15.969217096242975,1,1
3.8925541575531133,0.9108962752334406,0,-1
12.22986209619109,11.752616231834793,0,1
12.526157535130826,10.99028177993624,0,1
25.106655569743854,13.061415030072848,1,1
8.147283008807573,5.963104550768019,0,-1
19.588587167848846,14.224439698282332,1,1
4.984527060968532,0.7455061988046161,0,-1
22.742169528350683,6.474633397122222,1,-1
15.435687018747997,13.216335809847756,1,1
6.243523889016839,12.976061719881905,1,1
13.647573399699889,10.885886594998865,0,1
10.013698484240015,14.031580803642704,1,1
9.417091132244947,8.321567349934995,0,-1
6.58540861857028,-0.07114772561953941,0,-1
20.40150706473878,16.65008958778193,1,1
23.032933994089124,26.028770605384647,1,1
29.876053389861145,1.7201994800377634,1,-1
12.54546187670634,4.730614592206191,1,-1
31.499830214812853,5.015327639599285,1,-1
7.572367891158905,22.06596235350373,1,1
21.84241249907551,6.2278985976053,1,-1
23.60020438832717,5.895665018299898,1,-1
7.377389375268153,6.999023971098527,0,-1
29.664268115457595,19.182152579069584,1,1
2.044834029074693,11.122389588941811,0,1
9.918654051288645,3.068190227193071,0,-1
6.712479748644264,2.215153869490887,0,-1
7.893512225381762,-5.3064461646183005,0,-1
5.2916999669677365,13.067296192835002,1,1
4.130722612807946,5.106526791332193,0,-1
19.30299634329856,4.875451066746983,1,-1
9.72623332165172,6.746566027603862,0,-1
4.683890835640048,7.1761892267018546,1,-1
8.37852242415017,-1.1946075585887534,0,-1
27.673427793747923,9.220224307206223,1,-1
16.923337718080447,2.72547055388004,0,-1
0.43523794124253284,3.071446157710618,0,-1
28.033430078287765,7.02000803156254,1,-1
20.713211011641945,17.629149145527094,1,1
19.148432064038026,7.84103172788673,1,-1
27.912475969469355,12.099557626423483,1,1
29.87694687491412,-0.9195680939656867,1,-1
9.56383192546106,6.008378947752188,0,-1
6.300811033197546,1.1768995630768337,0,-1
12.875721490691395,18.685453588320446,1,1
5.620203400327054,7.911223058416571,1,-1
8.589739433751564,2.9730854439368954,0,-1
6.7722573027156665,6.24819898475959,1,-1
25.60521101700226,2.8725795661410416,1,-1
20.177897638014105,13.065870837604425,1,1
11.180269138125809,3.744634898622458,0,-1
11.34468063304922,8.573603591669581,1,-1
25.3806954887954,13.20571240977473,1,1
12.600380281009803,12.901618430127957,1,1
19.519210467424173,15.30713878605118,1,1
12.621527924654883,10.62021449866933,1,1
6.864528252026435,12.890078706160047,0,1
14.505563153828353,5.889391995067854,0,-1
8.758934063593102,21.601868793077827,1,1
13.072425133120863,10.946310740701716,1,1
19.253290974673078,8.019396816353101,1,-1
25.159716378750648,6.026023103886381,1,-1
10.82518801781196,7.887163404758887,1,-1
4.4481321527241775,17.14994452377105,1,1
14.850288136670605,13.8925308444338,1,1
5.801426801620318,14.848847926179271,1,1
21.827715785376565,8.969024778370652,1,-1
5.223091524672887,4.205811219664515,0,-1
21.429180723651857,10.82961291671118,1,1
26.039582816023852,5.894058866649413,1,-1
24.76493726519773,18.834338551973605,1,1
11.226081197100994,7.824944073590309,1,-1
3.3235383543255503,4.044196586412909,0,-1
2.678353098528551,3.8115302034192347,0,-1
11.624744351718519,1.0092683979723134,0,-1
21.352921938418067,1.0000392922232493,1,-1
13.566769787182517,2.3362858719325885,1,-1
12.599648625616656,7.107038742120334,0,-1
19.45621839574823,17.168383763650326,1,1
10.74769182000902,14.658821010766545,0,1
11.57962927500255,8.562321972716806,0,-1
14.27090867176637,4.8915816050286836,0,-1
30.54885486137109,11.022712772686585,1,1
29.557105879534333,16.797053236900783,1,1
9.839266688248152,22.976614422729337,1,1
15.37955638872523,9.424292182115902,1,-1
6.15934763881945,-3.804745382263043,0,-1
5.135784309242086,11.161964364412995,0,-1
9.704257502801736,5.505240210110927,0,-1
20.654405940933426,5.070623232832784,1,-1
18.3846063184819,13.272209241412973,0,1
10.430115345636095,9.371889923066082,0,-1
23.55135872393057,21.409699812001605,1,1
19.655244312756036,11.801502193745485,1,1
9.667319675065928,5.788878658594122,0,-1
7.23608665453497,5.991037148199389,1,-1
12.204012144376787,6.924032088359269,1,-1
12.831920267576168,10.994342695235254,1,1
9.847376403373156,1.2026188035452527,0,-1
30.085130674668694,7.151777244731676,1,-1
16.437679960307374,3.114109773364799,1,-1
13.243764127167914,11.19930723605587,1,1
15.969632258464271,5.81944416948253,0,-1
8.392221509790225,4.778668854932736,1,-1
8.446939067493929,9.27573841993771,0,-1
8.159493413203428,4.599247894088421,0,-1
4.30544587435951,4.690709603474367,0,-1
10.404700403719866,3.1218500601391845,1,-1
14.455594906973523,14.06478073005162,1,1
2.4014213992873943,-0.806405716986152,0,-1
18.440063482039086,14.095899296952162,1,1
20.57451807638845,11.174489310465841,1,1
5.674120109438405,10.95973695430407,0,1
13.931581676974835,13.15242381919499,1,1
22.243874908505706,3.773168369392007,1,-1
27.3176442234566,11.231147821973693,1,1
7.0402622760163265,1.222265048303825,0,-1
13.48402040902315,0.12314699281280994,0,-1
3.3207414912508026,10.053661833707107,0,1
17.744728378749556,20.300484020441413,1,1
27.91509968246104,5.041338933065273,1,-1
5.545519691344621,13.149650689939094,1,1
11.282811087803442,9.201710118583705,1,-1
23.22683139300633,3.7781456793136527,1,-1
2.768313101948233,20.74175861026923,0,1
4.143831439626812,2.9639930730441186,0,-1
21.016503702800126,16.035709893256918,1,1
4.831648310479965,8.608844785698523,0,-1
29.549109644013214,16.903799200776515,1,1
14.072905694239019,3.862057411990463,1,-1
2.089855129278803,5.986841517541599,0,-1
5.7777295295805855,6.942159624683935,1,-1
13.938023837870682,3.192100191110711,1,-1
14.304088267697445,5.090591203895915,0,-1
16.729641461039435,12.874669246740638,1,1
6.597702496938808,12.95035123684793,1,1
8.613541036738946,6.083475683158664,0,-1
23.07275348637971,12.942418168798017,1,1
26.043766134237906,10.794988655721472,1,1
5.544685375672242,4.828454000437237,0,-1
2.8868325054446253,0.8077339007047577,0,-1
26.116171420958587,5.948020527659363,1,-1
11.385984712848183,5.943447861335574,1,-1
25.776138450172713,7.303531094087663,1,-1
14.528765429092422,0.8364266483359906,0,-1
9.747062755522439,9.123522218721462,0,-1
18.43008151798972,17.52585315510692,1,1
21.547184442522095,11.046562183381909,1,1
30.533041651206172,4.632235406201534,1,-1
17.9639079865421,16.002978030868793,1,1
5.130999076164754,-2.035522139320644,0,-1
3.2818368499749124,7.026899513590571,0,-1
23.991679020713516,17.099675659293666,1,1
2.5182271327204533,13.287296075351382,0,1
19.565999124805746,2.1982668546344293,1,-1
15.140825056067126,24.012716709297234,1,1
8.576016557204275,9.045014288796605,0,-1
7.202951837465586,-5.116392710190102,0,-1
11.637677006762503,4.10584659369384,0,-1
10.456639854597718,9.11614610735403,1,-1
12.43862736967032,10.804471759188012,1,1
4.411759361721449,8.771842746613899,0,-1
11.550324524454103,17.108703202829478,1,1
5.222383706830678,5.285093147296848,0,-1
28.26657040234123,11.055277014011825,1,1
33.42037879994807,11.960528120411041,1,1
5.663566863746943,7.245318704434723,0,-1
4.819231479445417,10.18679699522654,0,1
13.158223365746402,7.047099183990344,1,-1
7.635700911388877,3.773177796686447,0,-1
28.946057624813378,-1.8080021604531247,1,-1
1.753986798725159,1.2642880828781493,0,-1
12.408899946526702,2.0636138361710152,0,-1
6.037780178874892,12.715222368845165,1,1
7.262431304529601,-6.25855390341054,0,-1
18.003784821158032,11.048432642452166,1,1
14.652090928683998,11.96590358598747,1,1
18.095883616859307,9.140132422460479,1,-1
8.603798273033002,11.048750646131356,1,1
4.384950430819746,3.849058036283825,0,-1
23.355965085373853,13.168388576051761,1,1
26.25881227312652,19.043423304139193,1,1
26.19763590638773,11.952177571701494,1,-1
9.134612461824538,13.89741894235122,1,1
29.61741600935925,6.08770067719383,1,-1
1.9971848775485832,5.026401584261361,0,-1
23.732138116692322,11.386900675172974,1,1
12.69599947739432,9.784113726377747,1,1
10.661373454893763,1.0685710126984382,0,-1
22.35489941116361,9.106318692987866,1,-1
7.072775031879568,1.7411285310940343,0,-1
26.22041366831877,24.935222599818143,1,1
9.018354650406167,3.846580644005911,1,-1
4.58960751141932,12.859732151442294,0,1
6.36350289726644,11.514910189487164,0,1
10.556209325556011,7.80577619299525,1,-1
3.7292115634065395,14.623956102912107,1,1
16.218359930816785,7.855747691661641,1,-1
20.204400713966955,20.383794211329754,1,1
29.183822299415702,2.920278766942797,1,-1
33.2700176735884,22.18701502652513,1,1
13.00128178609103,13.317113923122125,1,1
10.244425895957153,4.243612726789664,0,-1
10.447142217446034,5.256056288419099,0,-1
5.255081229589923,19.600119167560322,1,1
7.304257882485265,6.827367313720373,0,-1
17.194919104557272,17.470096148938026,1,1
14.59570697590347,1.9856892552951102,0,-1
2.102678232635567,14.73433602042559,0,1
18.623366216969348,13.123090347273898,1,1
15.056442817146303,-0.052684097981689604,0,-1
9.780633729432816,6.08679879194224,0,-1
5.041322042241383,6.229041382347059,0,-1
8.791418569015898,18.770401542135318,1,1
6.129506150511213,5.8446861843628035,0,-1
14.348895724129173,18.047917550510615,1,1
29.513677902295544,9.064500982457627,1,-1
13.99370317528251,0.3990022762412657,1,-1
3.3042547171494645,3.238803408371478,0,-1
27.321335885314287,3.168024956857007,1,-1
9.039103480874017,-3.0385877936626535,0,-1
20.92510033537652,12.770580225293699,1,1
34.43763024199185,5.266616658956423,1,-1
12.327846282120944,8.734485470781951,1,-1
21.7422938403493,3.954520375502714,1,-1
13.910135044027024,15.249972858403218,1,1
7.57052063927935,4.915631484447076,0,-1
29.782308623135126,22.068511240273356,1,1
21.549027085701006,5.672747788495947,1,-1
25.896692362959456,13.612507307654305,1,1
14.465002905503166,6.007694478598321,0,-1
7.168891988495318,7.193980265166779,1,-1
33.47427474531295,2.924485615821098,1,-1
25.78021931592506,10.06952440172839,1,-1
14.137161132169236,10.165429759315845,1,1
10.273524246667296,-0.7826267157489788,0,-1
8.092768027711855,14.506408669077146,1,1
6.787806061799149,8.63359974067341,0,-1
15.631098996383525,7.682798468120673,1,-1
10.31049284541111,9.85003380359477,0,1
6.58764322221,10.01303133107815,0,1
27.456565462089532,15.990056878733153,1,1
12.505449280419114,10.966213416982942,1,1
13.468142439466426,-0.7074048696605537,0,-1
11.376418153592326,2.0974972204409887,0,-1
10.755142717696671,1.9791957231406165,0,-1
24.24837502326882,4.947016112211205,1,-1
16.197932230365886,0.0052006602842773475,0,-1
16.06886339002678,12.051321462712338,1,1
25.66119097801335,11.028801164871783,1,1
11.052425953179114,0.8610627181880162,1,-1
30.939349755701652,15.062760158367034,1,1
10.716431732376432,5.0555513490484145,0,-1
3.7545881089433473,9.836580103199559,0,-1
15.391382986694051,13.038835599854178,1,1
3.677539527569496,9.878199658992163,0,-1
22.33755191219947,8.957404112123296,1,-1
15.3428680800099,5.907342587530881,0,-1
10.685974223308552,2.3632955132788283,0,-1
1.317302432455955,7.771846835680847,0,-1
26.978981672284,20.02160205501639,1,1
3.859430737415264,0.9017820809425032,0,-1
19.027911399354256,10.106370012750606,1,1
8.433294545743331,2.1930762655074645,0,-1
14.546237995068442,3.7702186499166856,1,-1
21.44801403208126,21.749708487068357,1,1
5.610842740203819,11.816821109240447,0,1
26.56181915618883,4.62693279274788,1,-1
5.689537804227397,4.039290409106616,0,-1
15.675730443971194,12.007682279063289,1,1
13.652453151367139,7.262355906414555,1,-1
3.375849333468692,3.8555657665657677,0,-1
9.865497092703079,-1.6894995235452015,0,-1
3.66721997471665,8.220820647131728,0,-1
33.873105905305906,10.892501669243781,1,1
24.32748575358957,9.495183508762857,1,-1
11.000001321912261,10.282832322525689,0,1
9.455228954399447,14.73846053781503,1,1
13.052532892610127,6.815362354209125,0,-1
5.53190646373845,4.019906876677275,0,-1
18.299544040491504,19.038311196374227,1,1
6.924755411427498,8.685545904713177,0,-1
11.101981111213936,9.156794255597902,1,-1
3.080732765045916,5.345665455508112,0,-1
12.774613562391867,3.238890122198953,0,-1
9.298736353061377,0.836640046149661,0,-1
6.33027702693091,3.8292829956852046,0,-1
0.5516050903239382,6.365857406634312,1,-1
10.519317153267677,-5.216610943487002,0,-1
4.2541383811873,6.661757347388875,0,-1
14.099110037100045,23.00550575810126,1,1
2.938910359867466,-1.1066749660494537,0,-1
7.576532447502609,12.853513768707117,1,1
17.41886509303784,16.302290286783148,1,1
10.635854738061782,8.901976049450269,0,-1
6.669330103080983,1.800071312316291,0,-1
17.368818271666644,15.808727882546044,1,1
21.10426447788937,10.681258592569296,1,1
3.5058759128311263,0.9597153783944883,0,-1
24.76227376554849,1.0272907312306785,1,-1
2.8619833586403916,3.989037418717178,0,-1
28.16825578411226,16.634847441223688,1,1
13.8415173496174,5.806440945885296,1,-1
2.1769532264573646,6.057196880479772,0,-1
5.728978668960429,4.98113664114047,0,-1
12.090404346668047,3.072904758843219,0,-1
9.429069451927019,7.220023679946198,0,-1
13.235274792565573,6.279127598276702,1,-1
3.378603737425955,-6.112338625931429,0,-1
5.166378935835658,6.870345979545892,0,-1
5.201373131853842,1.9394526711942532,0,-1
9.512301725014595,-2.132133601501703,0,-1
3.8998543990566095,1.1139632610295678,0,-1
15.96280879678668,7.787671316827698,1,-1
2.444819620046577,3.109840169437483,0,-1
5.994764242064219,4.679193460575306,0,-1
5.3333546844717015,3.833947355449368,0,-1
26.686611276901555,2.850041552501807,1,-1
3.0401075358776506,0.9200632104664876,0,-1
15.597032697998243,0.9878072412809544,0,-1
7.804994584827785,3.3022798308054178,0,-1
10.043828845885793,3.06679701482582,0,-1
7.550129106405494,-1.935025277006332,0,-1
10.355940468930553,16.270224114266334,1,1
6.272666592774622,20.042788636832103,1,1
17.017790064100694,3.6814392765451096,1,-1
17.395019878978587,16.191529242147368,1,1
